{"stats":{"minecraft:crafted":{"minecraft:crafting_table":2,"minecraft:spruce_planks":316,"minecraft:stick":20,"minecraft:wooden_pickaxe":1,"minecraft:stone_pickaxe":1,"minecraft:stone_axe":1},"minecraft:used":{"minecraft:bread":7,"minecraft:spruce_planks":43,"minecraft:wooden_pickaxe":59,"marbledsarsenal:police_baton":14,"minecraft:stone_axe":87,"minecraft:sand":1,"minecraft:cobblestone":1,"minecraft:terracotta":4,"minecraft:crafting_table":2},"minecraft:dropped":{"minecraft:spruce_planks":128},"minecraft:mined":{"minecraft:white_terracotta":6,"minecraft:cactus":2,"minecraft:spruce_planks":3,"minecraft:spruce_log":84,"projectvibrantjourneys:bones":1,"projectvibrantjourneys:rocks":1,"minecraft:crafting_table":1,"minecraft:light_gray_terracotta":10,"minecraft:sand":1,"minecraft:brown_terracotta":3,"minecraft:terracotta":12,"minecraft:spruce_leaves":13,"minecraft:stone":27},"minecraft:picked_up":{"projectvibrantjourneys:light_brown_bark_mushroom":1,"minecraft:stick":2,"minecraft:crafting_table":1,"minecraft:brown_terracotta":3,"projectvibrantjourneys:bark_mushroom":1,"minecraft:torch":1,"minecraft:sand":1,"minecraft:spruce_sapling":1,"minecraft:spruce_log":79,"minecraft:light_gray_terracotta":9,"minecraft:cactus":5,"minecraft:bone":1,"minecraft:spruce_planks":3,"alexsmobs:emu_egg":2,"minecraft:white_terracotta":6,"minecraft:terracotta":12,"minecraft:cobblestone":27},"minecraft:broken":{"minecraft:wooden_pickaxe":1},"minecraft:custom":{"minecraft:time_since_rest":19069,"minecraft:sprint_one_cm":28219,"minecraft:damage_taken":443,"minecraft:walk_one_cm":31526,"minecraft:drop":2,"minecraft:damage_dealt":463,"minecraft:interact_with_crafting_table":2,"minecraft:fly_one_cm":27932,"minecraft:crouch_one_cm":9851,"minecraft:play_time":19069,"minecraft:sneak_time":2566,"minecraft:jump":254,"minecraft:time_since_death":19069,"minecraft:total_world_time":19069,"minecraft:fall_one_cm":4594}},"DataVersion":3465}