{"stats":{"minecraft:crafted":{"minecraft:crafting_table":1,"minecraft:spruce_planks":12,"minecraft:stick":4,"minecraft:wooden_pickaxe":1},"minecraft:used":{"minecraft:sand":1,"minecraft:crafting_table":1,"minecraft:bread":4,"minecraft:spruce_planks":1,"minecraft:wooden_pickaxe":2,"marbledsarsenal:police_baton":10},"minecraft:mined":{"minecraft:cactus":2,"minecraft:sand":1,"minecraft:stone":1,"projectvibrantjourneys:bones":1,"minecraft:spruce_log":3},"minecraft:picked_up":{"minecraft:bone":1,"minecraft:cactus":5,"minecraft:torch":1,"minecraft:sand":1,"alexsmobs:emu_egg":2,"minecraft:spruce_log":3,"minecraft:cobblestone":1},"minecraft:custom":{"minecraft:time_since_rest":7069,"minecraft:crouch_one_cm":320,"minecraft:play_time":7069,"minecraft:sprint_one_cm":24539,"minecraft:damage_taken":284,"minecraft:walk_one_cm":20144,"minecraft:sneak_time":41,"minecraft:jump":153,"minecraft:damage_dealt":407,"minecraft:time_since_death":7069,"minecraft:total_world_time":7069,"minecraft:interact_with_crafting_table":1,"minecraft:fall_one_cm":3505,"minecraft:fly_one_cm":22953}},"DataVersion":3465}