{"stats":{"minecraft:crafted":{"minecraft:crafting_table":1,"minecraft:spruce_planks":48,"minecraft:stick":12,"minecraft:wooden_pickaxe":1,"minecraft:stone_pickaxe":1,"minecraft:torch":4,"minecraft:stone_axe":1},"minecraft:used":{"minecraft:stone_pickaxe":72,"minecraft:bread":2,"minecraft:spruce_planks":2,"minecraft:wooden_pickaxe":16,"marbledsarsenal:police_baton":3,"minecraft:gravel":3,"minecraft:torch":1,"minecraft:cobblestone":34,"minecraft:crafting_table":1,"alexsmobs:animal_dictionary":1},"minecraft:killed":{"minecraft:zombie":1},"minecraft:dropped":{"minecraft:wooden_pickaxe":2},"minecraft:mined":{"minecraft:iron_ore":8,"minecraft:spruce_log":12,"minecraft:granite":2,"minecraft:coal_ore":15,"projectvibrantjourneys:short_grass":1,"minecraft:gravel":3,"minecraft:cobblestone":1,"minecraft:spruce_leaves":4,"minecraft:stone":62},"minecraft:picked_up":{"minecraft:stick":3,"minecraft:raw_iron":8,"minecraft:wooden_pickaxe":1,"minecraft:gravel":3,"minecraft:spruce_sapling":7,"minecraft:gunpowder":1,"minecraft:spruce_log":12,"minecraft:rotten_flesh":1,"minecraft:granite":2,"minecraft:coal":15,"minecraft:cobblestone":60},"minecraft:custom":{"minecraft:time_since_rest":15869,"minecraft:sprint_one_cm":5902,"minecraft:damage_taken":180,"minecraft:walk_one_cm":24904,"minecraft:mob_kills":1,"minecraft:drop":2,"minecraft:damage_dealt":90,"minecraft:interact_with_crafting_table":3,"minecraft:fly_one_cm":5112,"minecraft:crouch_one_cm":6628,"minecraft:play_time":15869,"minecraft:sneak_time":2260,"minecraft:jump":74,"minecraft:leave_game":1,"minecraft:time_since_death":15869,"minecraft:total_world_time":15869,"minecraft:fall_one_cm":3191}},"DataVersion":3465}