{"stats":{"minecraft:crafted":{"minecraft:crafting_table":1,"minecraft:spruce_planks":20,"minecraft:stick":12},"minecraft:mined":{"minecraft:spruce_leaves":4,"minecraft:spruce_log":9,"projectvibrantjourneys:short_grass":1},"minecraft:picked_up":{"minecraft:stick":1,"minecraft:spruce_sapling":2,"minecraft:spruce_log":8},"minecraft:custom":{"minecraft:jump":14,"minecraft:time_since_rest":5371,"minecraft:crouch_one_cm":263,"minecraft:sprint_one_cm":3917,"minecraft:play_time":5371,"minecraft:time_since_death":5371,"minecraft:walk_one_cm":6457,"minecraft:sneak_time":55,"minecraft:total_world_time":5371,"minecraft:fall_one_cm":209,"minecraft:fly_one_cm":1657}},"DataVersion":3465}