{"stats":{"minecraft:crafted":{"minecraft:crafting_table":2,"minecraft:spruce_planks":52,"minecraft:stick":12,"minecraft:wooden_pickaxe":1,"minecraft:stone_pickaxe":1,"minecraft:furnace":1,"minecraft:torch":4,"minecraft:stone_axe":1},"minecraft:killed":{"minecraft:zombie":23,"hordes:zombie_player":1},"minecraft:used":{"minecraft:stone_pickaxe":83,"minecraft:bread":7,"minecraft:spruce_planks":23,"minecraft:wooden_pickaxe":16,"minecraft:spruce_sapling":2,"marbledsarsenal:police_baton":30,"minecraft:gravel":3,"minecraft:rotten_flesh":14,"minecraft:stone_axe":42,"minecraft:torch":8,"minecraft:cobblestone":43,"minecraft:crafting_table":2,"minecraft:furnace":1,"alexsmobs:animal_dictionary":1},"minecraft:killed_by":{"minecraft:zombie":1},"minecraft:dropped":{"minecraft:wooden_pickaxe":2},"minecraft:mined":{"minecraft:iron_ore":11,"minecraft:spruce_log":18,"minecraft:torch":1,"minecraft:granite":2,"minecraft:coal_ore":20,"projectvibrantjourneys:short_grass":1,"minecraft:dead_bush":3,"minecraft:gravel":3,"minecraft:cobblestone":1,"minecraft:spruce_leaves":4,"minecraft:stone":64,"minecraft:wall_torch":4},"minecraft:picked_up":{"minecraft:stick":17,"minecraft:raw_iron":19,"marbledsarsenal:police_baton":1,"minecraft:torch":4,"minecraft:wooden_pickaxe":1,"sophisticatedbackpacks:backpack":1,"minecraft:gravel":3,"pointblank:gunmetal_nugget":36,"minecraft:spruce_sapling":14,"minecraft:gunpowder":4,"minecraft:spruce_log":19,"marbledsarsenal:cm6m_gas_mask":1,"alexsmobs:animal_dictionary":1,"pointblank:m1911a1":1,"pointblank:ammo45acp":57,"minecraft:leather_boots":1,"minecraft:bone":4,"minecraft:rotten_flesh":23,"minecraft:slime_ball":4,"minecraft:stone_axe":1,"minecraft:spruce_planks":158,"minecraft:stone_pickaxe":1,"minecraft:granite":4,"alexsmobs:emu_egg":1,"minecraft:bread":3,"minecraft:coal":39,"minecraft:cobblestone":74},"minecraft:custom":{"minecraft:time_since_rest":10081,"minecraft:interact_with_furnace":1,"minecraft:sprint_one_cm":25380,"minecraft:damage_taken":811,"minecraft:walk_one_cm":97663,"minecraft:mob_kills":24,"minecraft:drop":2,"minecraft:damage_dealt":3946,"minecraft:damage_dealt_absorbed":40,"minecraft:interact_with_crafting_table":5,"minecraft:fly_one_cm":35735,"minecraft:crouch_one_cm":11268,"minecraft:play_time":37276,"minecraft:deaths":1,"minecraft:sneak_time":6324,"minecraft:damage_dealt_resisted":405,"minecraft:jump":592,"minecraft:leave_game":1,"minecraft:time_since_death":10047,"minecraft:total_world_time":37276,"minecraft:fall_one_cm":11866}},"DataVersion":3465}