{"stats":{"minecraft:crafted":{"minecraft:crafting_table":1,"minecraft:spruce_planks":48,"minecraft:stick":12,"minecraft:wooden_pickaxe":1,"minecraft:stone_pickaxe":1,"minecraft:torch":4,"minecraft:stone_axe":1},"minecraft:killed":{"minecraft:zombie":12},"minecraft:used":{"minecraft:stone_pickaxe":78,"minecraft:bread":6,"minecraft:spruce_planks":2,"minecraft:wooden_pickaxe":16,"marbledsarsenal:police_baton":19,"minecraft:gravel":3,"minecraft:rotten_flesh":10,"minecraft:stone_axe":18,"minecraft:torch":8,"minecraft:cobblestone":43,"minecraft:crafting_table":1,"alexsmobs:animal_dictionary":1},"minecraft:dropped":{"minecraft:wooden_pickaxe":2},"minecraft:mined":{"minecraft:iron_ore":8,"minecraft:spruce_log":12,"minecraft:torch":1,"minecraft:granite":2,"minecraft:coal_ore":20,"projectvibrantjourneys:short_grass":1,"minecraft:dead_bush":2,"minecraft:gravel":3,"minecraft:cobblestone":1,"minecraft:spruce_leaves":4,"minecraft:stone":63,"minecraft:wall_torch":4},"minecraft:picked_up":{"minecraft:stick":6,"minecraft:raw_iron":8,"minecraft:torch":4,"minecraft:wooden_pickaxe":1,"minecraft:gravel":3,"pointblank:gunmetal_nugget":8,"minecraft:spruce_sapling":7,"minecraft:gunpowder":2,"minecraft:spruce_log":12,"minecraft:bone":2,"minecraft:rotten_flesh":13,"minecraft:slime_ball":1,"minecraft:granite":2,"minecraft:coal":20,"minecraft:cobblestone":61},"minecraft:custom":{"minecraft:time_since_rest":25276,"minecraft:sprint_one_cm":10634,"minecraft:damage_taken":535,"minecraft:walk_one_cm":71742,"minecraft:mob_kills":12,"minecraft:drop":2,"minecraft:damage_dealt":1802,"minecraft:interact_with_crafting_table":3,"minecraft:fly_one_cm":14524,"minecraft:crouch_one_cm":8821,"minecraft:play_time":25276,"minecraft:sneak_time":2802,"minecraft:jump":236,"minecraft:leave_game":1,"minecraft:time_since_death":25276,"minecraft:total_world_time":25276,"minecraft:fall_one_cm":5716}},"DataVersion":3465}