{
  "mowziesmobs:root": {
    "criteria": {
      "custom_test_name": "2024-11-24 03:29:04 +0000"
    },
    "done": true
  },
  "cataclysm:root": {
    "criteria": {
      "custom_test_name": "2024-11-24 03:29:04 +0000"
    },
    "done": true
  },
  "minecraft:adventure/adventuring_time": {
    "criteria": {
      "minecraft:taiga": "2024-11-24 03:29:05 +0000",
      "minecraft:windswept_hills": "2024-11-24 03:29:39 +0000",
      "minecraft:windswept_forest": "2024-11-24 03:29:32 +0000"
    },
    "done": false
  },
  "DataVersion": 3120
}