{
  "mowziesmobs:root": {
    "criteria": {
      "custom_test_name": "2024-11-25 02:33:17 +0000"
    },
    "done": true
  },
  "cataclysm:root": {
    "criteria": {
      "custom_test_name": "2024-11-25 02:33:17 +0000"
    },
    "done": true
  },
  "minecraft:adventure/adventuring_time": {
    "criteria": {
      "minecraft:beach": "2024-11-25 02:35:44 +0000",
      "minecraft:river": "2024-11-25 02:35:35 +0000",
      "minecraft:stony_shore": "2024-11-25 02:38:16 +0000",
      "minecraft:forest": "2024-11-25 02:36:07 +0000",
      "minecraft:lush_caves": "2024-11-25 02:33:19 +0000",
      "minecraft:desert": "2024-11-25 02:33:18 +0000",
      "minecraft:ocean": "2024-11-25 02:35:46 +0000",
      "minecraft:savanna": "2024-11-25 02:36:18 +0000"
    },
    "done": false
  },
  "DataVersion": 3120
}