{
  "mowziesmobs:root": {
    "criteria": {
      "custom_test_name": "2024-11-25 02:33:16 +0000"
    },
    "done": true
  },
  "cataclysm:root": {
    "criteria": {
      "custom_test_name": "2024-11-25 02:33:16 +0000"
    },
    "done": true
  },
  "minecraft:adventure/adventuring_time": {
    "criteria": {
      "minecraft:dark_forest": "2024-11-25 02:33:49 +0000",
      "minecraft:river": "2024-11-25 02:33:43 +0000",
      "minecraft:stony_shore": "2024-11-25 02:35:03 +0000",
      "minecraft:dripstone_caves": "2024-11-25 02:37:03 +0000",
      "minecraft:forest": "2024-11-25 02:34:20 +0000",
      "minecraft:desert": "2024-11-25 02:33:17 +0000",
      "minecraft:old_growth_birch_forest": "2024-11-25 02:37:33 +0000",
      "minecraft:savanna": "2024-11-25 02:36:37 +0000",
      "minecraft:plains": "2024-11-25 02:37:13 +0000"
    },
    "done": false
  },
  "DataVersion": 3120
}