{
  "mowziesmobs:root": {
    "criteria": {
      "custom_test_name": "2024-11-25 02:33:03 +0000"
    },
    "done": true
  },
  "cataclysm:root": {
    "criteria": {
      "custom_test_name": "2024-11-25 02:33:03 +0000"
    },
    "done": true
  },
  "minecraft:adventure/adventuring_time": {
    "criteria": {
      "minecraft:birch_forest": "2024-11-25 02:38:51 +0000",
      "minecraft:dark_forest": "2024-11-25 02:33:32 +0000",
      "minecraft:river": "2024-11-25 02:33:23 +0000",
      "minecraft:stony_shore": "2024-11-25 02:35:18 +0000",
      "minecraft:dripstone_caves": "2024-11-25 02:36:21 +0000",
      "minecraft:grove": "2024-11-25 02:39:36 +0000",
      "minecraft:forest": "2024-11-25 02:33:48 +0000",
      "minecraft:desert": "2024-11-25 02:33:04 +0000",
      "minecraft:old_growth_birch_forest": "2024-11-25 02:38:38 +0000",
      "minecraft:savanna": "2024-11-25 02:34:33 +0000",
      "minecraft:plains": "2024-11-25 02:36:32 +0000"
    },
    "done": false
  },
  "DataVersion": 3120
}