{
  "mowziesmobs:root": {
    "criteria": {
      "custom_test_name": "2024-11-24 03:28:52 +0000"
    },
    "done": true
  },
  "cataclysm:root": {
    "criteria": {
      "custom_test_name": "2024-11-24 03:28:52 +0000"
    },
    "done": true
  },
  "minecraft:adventure/adventuring_time": {
    "criteria": {
      "minecraft:taiga": "2024-11-24 03:28:52 +0000",
      "minecraft:windswept_hills": "2024-11-24 03:30:48 +0000",
      "minecraft:windswept_forest": "2024-11-24 03:30:42 +0000"
    },
    "done": false
  },
  "DataVersion": 3120
}